"Number","User","Date Submitted","Country","Source URL","Device","Browser","OS","Hotjar User ID","¿Que tan satisfecho está con el nuevo Portal Transaccional?","Cuéntenos cómo podemos mejorar su experiencia."
"17","60162017","2022-04-25 21:04:46","Colombia","https://credicorpcapitallab-testing.modyo.be/transaccionales-dev2/clientes/home-page","desktop","Edge 100.0.1185","Windows 10","60162017-f9a3-52e2-9f77-597cfd941a86","8","PRUEBAS"
"16","3e0c0d7b","2022-03-20 22:04:26","Peru","https://credicorpcapitallab-testing.modyo.be/transaccionales-dev2/clientes/home-page","desktop","Chrome 97.0.4692","Windows 10","3e0c0d7b-5e0d-594d-8e49-0b243bd7c40f","8","prueba"
"15","eb308c4b","2022-03-15 19:25:31","Colombia","https://credicorpcapitallab-testing.modyo.be/transaccionales-dev2/clientes/home-page","desktop","Chrome 99.0.4844","Windows 10","eb308c4b-b9d1-5cef-9ff3-7289d242446c","7","HOLA"
"14","df8a3f6a","2022-03-14 13:34:50","Colombia","https://credicorpcapitallab-testing.modyo.be/transaccionales-dev2/clientes/home-page","desktop","Edge 98.0.1108","Windows 10","df8a3f6a-e650-531a-b7ad-add318acf82a","10","dasfa"
"13","b9801ac4","2022-03-14 12:48:25","Peru","https://credicorpcapitallab-testing.modyo.be/transaccionales-dev2/clientes/home-page","desktop","Chrome 99.0.4844","Mac OS X 10.15.7","b9801ac4-bfae-57c9-9cd6-14d854e2551c","8",""
"12","257c1e9d","2022-03-11 22:47:55","Colombia","https://credicorpcapitallab-testing.modyo.be/transaccionales-dev2/clientes/home-page","desktop","Chrome 99.0.4844","Windows 10","257c1e9d-4dc4-5485-9cd5-19e1fcc5f32c","10","prueba"
"11","df8a3f6a","2022-03-11 17:50:22","Colombia","https://credicorpcapitallab-testing.modyo.be/transaccionales-dev2/clientes/home-page","desktop","Edge 98.0.1108","Windows 10","df8a3f6a-e650-531a-b7ad-add318acf82a","9","gfsdf"
"10","df8a3f6a","2022-03-11 17:39:32","Colombia","https://credicorpcapitallab-testing.modyo.be/transaccionales-dev2/clientes/home-page","desktop","Edge 98.0.1108","Windows 10","df8a3f6a-e650-531a-b7ad-add318acf82a","9","fsdgds"
"9","df8a3f6a","2022-03-11 17:09:00","Colombia","https://credicorpcapitallab-testing.modyo.be/transaccionales-dev2/clientes/home-page","desktop","Edge 98.0.1108","Windows 10","df8a3f6a-e650-531a-b7ad-add318acf82a","8","bgdfgbfg"
"8","df8a3f6a","2022-03-11 16:57:59","Colombia","https://credicorpcapitallab-testing.modyo.be/transaccionales-dev2/clientes/home-page","desktop","Edge 98.0.1108","Windows 10","df8a3f6a-e650-531a-b7ad-add318acf82a","9","ccsas"
"7","75912359","2022-03-10 22:26:01","Colombia","https://credicorpcapitallab-testing.modyo.be/transaccionales-dev2/clientes/pagos-a-terceros/retiro-individual","desktop","Chrome 99.0.4844","Windows 10","75912359-653c-5215-ae22-d46d6c107000","10","hola es una prueba del preparador de Jonathan Vergara"
"6","df8a3f6a","2022-03-10 21:02:18","Colombia","https://credicorpcapitallab-testing.modyo.be/transaccionales-dev2/clientes/pagos-a-terceros/retiro-individual","desktop","Edge 98.0.1108","Windows 10","df8a3f6a-e650-531a-b7ad-add318acf82a","5",""
"5","257c1e9d","2022-03-10 16:20:27","Colombia","https://credicorpcapitallab-testing.modyo.be/transaccionales-dev2/clientes/home-page","desktop","Chrome 99.0.4844","Windows 10","257c1e9d-4dc4-5485-9cd5-19e1fcc5f32c","10",""
"4","257c1e9d","2022-03-10 15:47:37","Colombia","https://credicorpcapitallab-testing.modyo.be/transaccionales-dev2/clientes/home-page","desktop","Chrome 99.0.4844","Windows 10","257c1e9d-4dc4-5485-9cd5-19e1fcc5f32c","10",""
"3","257c1e9d","2022-03-10 15:36:10","Colombia","https://credicorpcapitallab-testing.modyo.be/transaccionales-dev2/clientes/home-page","desktop","Chrome 99.0.4844","Windows 10","257c1e9d-4dc4-5485-9cd5-19e1fcc5f32c","10",""
"2","df8a3f6a","2022-03-07 01:44:31","Colombia","https://credicorpcapitallab-testing.modyo.be/transaccionales-dev2/clientes/home-page","desktop","Edge 98.0.1108","Windows 10","df8a3f6a-e650-531a-b7ad-add318acf82a","7",""
"1","3e0c0d7b","2022-03-04 20:38:04","Peru","https://credicorpcapitallab-testing.modyo.be/transaccionales-dev2/clientes/traslado-cuentas-propias/traslados-otros-bancos","desktop","Chrome 97.0.4692","Windows 10","3e0c0d7b-5e0d-594d-8e49-0b243bd7c40f","8",""
