"Number","User","Date Submitted","Country","Source URL","Device","Browser","OS","Hotjar User ID","¿Qué tan fácil fue para usted consultar la información?","Cuéntenos el motivo de su calificación"
"10","eb308c4b","2022-03-15 19:31:53","Colombia","https://credicorpcapitallab-testing.modyo.be/transaccionales-dev2/clientes/consultas/historico-transacciones","desktop","Chrome 99.0.4844","Windows 10","eb308c4b-b9d1-5cef-9ff3-7289d242446c","3","hola encuesta historico"
"9","eb308c4b","2022-03-15 13:39:54","Colombia","https://credicorpcapitallab-testing.modyo.be/transaccionales-dev2/clientes/consultas/historico-transacciones","desktop","Chrome 99.0.4844","Windows 10","eb308c4b-b9d1-5cef-9ff3-7289d242446c","5","SE MUESTRA DESDE EL HISTORICO TX Y NO EN VER MAS JVQ"
"8","eb308c4b","2022-03-15 13:37:16","Colombia","https://credicorpcapitallab-testing.modyo.be/transaccionales-dev2/clientes/consultas/historico-transacciones","desktop","Chrome 99.0.4844","Windows 10","eb308c4b-b9d1-5cef-9ff3-7289d242446c","4","PRUEBA HISTORICO JVQ"
"7","eb308c4b","2022-03-15 13:35:17","Colombia","https://credicorpcapitallab-testing.modyo.be/transaccionales-dev2/clientes/consultas/historico-transacciones","desktop","Chrome 99.0.4844","Windows 10","eb308c4b-b9d1-5cef-9ff3-7289d242446c","4","prueba HISTORICO JVQ"
"6","8a36deaf","2022-03-15 00:54:00","Peru","https://credicorpcapitallab-testing.modyo.be/transaccionales-dev2/clientes/consultas/historico-transacciones","desktop","Chrome 99.0.4844","Mac OS X 10.15.7","8a36deaf-5897-5647-939b-68073b990e7a","5","fácil"
"5","8a36deaf","2022-03-15 00:48:19","Peru","https://credicorpcapitallab-testing.modyo.be/transaccionales-dev2/clientes/consultas/historico-transacciones","desktop","Chrome 99.0.4844","Mac OS X 10.15.7","8a36deaf-5897-5647-939b-68073b990e7a","5","demo"
"4","8a36deaf","2022-03-15 00:47:30","Peru","https://credicorpcapitallab-testing.modyo.be/transaccionales-dev2/clientes/consultas/historico-transacciones","desktop","Chrome 99.0.4844","Mac OS X 10.15.7","8a36deaf-5897-5647-939b-68073b990e7a","5","fácil"
"3","c5b71a92","2022-03-15 00:23:39","Peru","https://credicorpcapitallab-testing.modyo.be/transaccionales-dev2/clientes/consultas/historico-transacciones","desktop","Chrome 99.0.4844","Mac OS X 10.15.7","c5b71a92-9e89-55ec-aea1-d2360014aca2","5","demo"
"2","257c1e9d","2022-03-11 16:43:58","Colombia","https://credicorpcapitallab-testing.modyo.be/transaccionales-dev2/clientes/consultas/historico-transacciones","desktop","Chrome 99.0.4844","Windows 10","257c1e9d-4dc4-5485-9cd5-19e1fcc5f32c","5","xxx"
"1","75912359","2022-03-11 01:48:35","Colombia","https://credicorpcapitallab-testing.modyo.be/transaccionales-dev2/clientes/consultas/historico-transacciones","desktop","Chrome 99.0.4844","Windows 10","75912359-653c-5215-ae22-d46d6c107000","5","prueba de aprovador"
