"Number","User","Date Submitted","Country","Source URL","Device","Browser","OS","Hotjar User ID","¿Qué tan fácil fue para usted gestionar los usuarios?","Cuéntenos el motivo de su calificación"
"4","d7320f70","2022-05-19 15:32:59","Colombia","https://credicorpcapitallab-testing.modyo.be/transaccionales-dev2/clientes/administrador/gestion-de-usuarios","desktop","Chrome 101.0.4951","Windows 10","d7320f70-f34d-5d6a-8de9-1acae8ded597","5","ok"
"3","bffc2e47","2022-04-19 21:14:54","Colombia","https://credicorpcapitallab-testing.modyo.be/transaccionales-dev2/clientes/administrador/gestion-de-usuarios","desktop","Chrome 100.0.4896","Windows 10","bffc2e47-b666-5286-993e-bed6a8942857","3","ok"
"2","eb308c4b","2022-03-15 19:33:50","Colombia","https://credicorpcapitallab-testing.modyo.be/transaccionales-dev2/clientes/administrador/gestion-de-usuarios","desktop","Chrome 99.0.4844","Windows 10","eb308c4b-b9d1-5cef-9ff3-7289d242446c","3",""
"1","eb308c4b","2022-03-15 19:17:06","Colombia","https://credicorpcapitallab-testing.modyo.be/transaccionales-dev2/clientes/administrador/gestion-de-usuarios","desktop","Chrome 99.0.4844","Windows 10","eb308c4b-b9d1-5cef-9ff3-7289d242446c","4","PRUEBA JONATHAN VERGARA"
