"Number","User","Date Submitted","Country","Source URL","Device","Browser","OS","Hotjar User ID","¿Qué tan fácil fue para usted inscribir la cuenta?","Cuéntenos el motivo de su calificación"
"7","ce09ec4d","2022-05-16 22:32:31","Colombia","https://portalpiloto.credicorpcapitallab.com/transaccionales/clientes/traslado-cuentas-propias/directorio-cuentas-inscritas","desktop","Chrome 100.0.4896","Windows 10","ce09ec4d-df07-5b0a-a77c-904a5d451669","5",""
"6","4dafa0e3","2022-04-27 21:17:14","Peru","https://credicorpcapitallab-testing.modyo.build/transaccionales-qa/clientes/traslado-cuentas-propias/directorio-cuentas-inscritas","desktop","Chrome 100.0.4896","Mac OS X 10.15.7","4dafa0e3-c7e5-5f45-9c10-e87f9d6533a8","5","Great. QA CYD"
"5","60162017","2022-04-25 21:06:29","Colombia","https://credicorpcapitallab-testing.modyo.be/transaccionales-dev2/clientes/traslado-cuentas-propias/directorio-cuentas-inscritas","desktop","Edge 100.0.1185","Windows 10","60162017-f9a3-52e2-9f77-597cfd941a86","4","PRUEBAS"
"4","32e8c292","2022-04-22 18:23:52","Colombia","https://credicorpcapitallab-testing.modyo.build/transaccionales-qa/clientes/traslado-cuentas-propias/directorio-cuentas-inscritas","desktop","Chrome 100.0.4896","Windows 10","32e8c292-1435-5713-babc-6230c6d63db2","5","aaa"
"3","d33b42cd","2022-03-17 20:57:49","Peru","https://credicorpcapitallab-testing.modyo.be/transaccionales-dev2/clientes/traslado-cuentas-propias/directorio-cuentas-inscritas","desktop","Chrome 99.0.4844","Mac OS X 10.15.7","d33b42cd-a873-5bd5-af33-b11eeb990e89","5","Very easy"
"2","3e0c0d7b","2022-03-15 17:09:09","Peru","https://credicorpcapitallab-testing.modyo.be/transaccionales-dev2/clientes/traslado-cuentas-propias/directorio-cuentas-inscritas","desktop","Chrome 97.0.4692","Windows 10","3e0c0d7b-5e0d-594d-8e49-0b243bd7c40f","4","Prueba Ruth"
"1","eb308c4b","2022-03-11 14:59:50","Colombia","https://credicorpcapitallab-testing.modyo.be/transaccionales-dev2/clientes/pagos-a-terceros/retiro-individual","desktop","Chrome 99.0.4844","Windows 10","eb308c4b-b9d1-5cef-9ff3-7289d242446c","5",""
