"Number","User","Date Submitted","Country","Source URL","Device","Browser","OS","Hotjar User ID","¿Qué tan fácil fue para usted realizar la transacción?","Cuéntenos el motivo de su calificación"
"46","ce09ec4d","2022-05-20 14:16:07","Colombia","https://portalpiloto.credicorpcapitallab.com/transaccionales/clientes/traslado-cuentas-propias/traslados-otros-bancos","desktop","Chrome 101.0.0","Windows 10","ce09ec4d-df07-5b0a-a77c-904a5d451669","5","Salió muy bien la transacción como demo al comité del Lab"
"45","ae606dbb","2022-05-20 13:40:36","Colombia","https://portalpiloto.credicorpcapitallab.com/transaccionales/clientes/pagos-a-terceros/retiro-archivo-plano","desktop","Chrome 101.0.0","Windows 10","ae606dbb-6d4c-5f08-be00-bf682067eebb","5","calficado por guido! es trampa"
"44","ce09ec4d","2022-05-19 19:48:12","Colombia","https://portalpiloto.credicorpcapitallab.com/transaccionales/clientes/pagos-a-terceros/retiro-individual","desktop","Chrome 101.0.0","Windows 10","ce09ec4d-df07-5b0a-a77c-904a5d451669","5","espero que este comentario si se vea!!!!"
"43","a4a1f9ff","2022-05-17 13:01:30","Colombia","https://portalpiloto.credicorpcapitallab.com/transaccionales/clientes/traslado-cuentas-propias/traslados-otros-bancos","phone","Chrome Mobile iOS 101.0.4951","iOS 15.4","a4a1f9ff-5938-5be6-aec7-42e66f90f97d","1","Quiero ver el resultado de la prueba y si alguien ya le está haciendo seguimiento"
"42","ce09ec4d","2022-05-16 22:36:11","Colombia","https://portalpiloto.credicorpcapitallab.com/transaccionales/clientes/traslado-cuentas-propias/traslados-otros-bancos","desktop","Chrome 100.0.4896","Windows 10","ce09ec4d-df07-5b0a-a77c-904a5d451669","5","fácil. Me preocupa que sale muchas veces esta encuesta"
"41","20157d01","2022-05-03 23:30:34","Peru","https://credicorpcapitallab-testing.modyo.build/transaccionales-qa/clientes/traslado-cuentas-propias/traslados-otros-bancos","desktop","Chrome 101.0.4951","Mac OS X 10.15.7","20157d01-721a-558f-87ce-de15458a62ae","5","excelente!"
"40","f11e9d2f","2022-05-03 23:08:59","Peru","https://credicorpcapitallab-testing.modyo.build/transaccionales-qa/clientes/traslado-cuentas-propias/traslados-otros-bancos","desktop","Chrome 101.0.4951","Mac OS X 10.15.7","f11e9d2f-c08d-53f0-b7e5-e1be08b23dfc","5","excelente!"
"39","06261af9","2022-05-03 18:09:25","Peru","https://credicorpcapitallab-testing.modyo.be/transaccionales-dev2/clientes/traslado-cuentas-propias/traslados-otros-bancos","desktop","Chrome 101.0.4951","Mac OS X 10.15.7","06261af9-9934-5e67-b2db-f20f08f7e5f9","5","viva el portal transaccional!"
"38","aecd88a3","2022-04-29 19:13:07","Colombia","https://credicorpcapitallab-testing.modyo.build/transaccionales-qa/clientes/pagos-a-terceros/retiro-archivo-plano","desktop","Edge 100.0.1185","Windows 10","aecd88a3-fbd2-58d9-b78c-d08d7d203c88","5","ok"
"37","77bc2ba8","2022-04-28 14:22:43","Peru","https://credicorpcapitallab-testing.modyo.build/transaccionales-qa/clientes/pagos-a-terceros/retiro-individual","desktop","Chrome 97.0.4692","Windows 10","77bc2ba8-ccf4-58dd-96f7-6fa414c0cee7","3","rc"
"36","4dafa0e3","2022-04-27 20:19:48","Peru","https://credicorpcapitallab-testing.modyo.build/transaccionales-qa/clientes/traslado-cuentas-propias/traslados-otros-bancos","desktop","Chrome 100.0.4896","Mac OS X 10.15.7","4dafa0e3-c7e5-5f45-9c10-e87f9d6533a8","5","Pruebas Env QA CY"
"35","4dafa0e3","2022-04-27 20:15:15","Peru","https://credicorpcapitallab-testing.modyo.build/transaccionales-qa/clientes/pagos-a-terceros/retiro-archivo-plano","desktop","Chrome 100.0.4896","Mac OS X 10.15.7","4dafa0e3-c7e5-5f45-9c10-e87f9d6533a8","3","Prueba QA CY"
"34","32e8c292","2022-04-22 18:22:49","Colombia","https://credicorpcapitallab-testing.modyo.build/transaccionales-qa/clientes/traslado-cuentas-propias/traslados-otros-bancos","desktop","Chrome 100.0.4896","Windows 10","32e8c292-1435-5713-babc-6230c6d63db2","4","Excelente el ambiente arriba!!!
Sergio"
"33","257c1e9d","2022-04-11 21:56:29","Colombia","https://credicorpcapitallab-testing.modyo.be/transaccionales-dev2/clientes/traslado-cuentas-propias/traslados-otros-bancos","desktop","Chrome 100.0.4896","Windows 10","257c1e9d-4dc4-5485-9cd5-19e1fcc5f32c","5",""
"32","6248a8a1","2022-04-05 20:12:41","Peru","https://credicorpcapitallab-testing.modyo.be/transaccionales-dev2/clientes/pagos-a-terceros/retiro-archivo-plano","desktop","Chrome 100.0.4896","Mac OS X 10.15.7","6248a8a1-9cfc-5406-a7bd-94c8fab7a588","5","Retiro plano CYD"
"31","d33b42cd","2022-03-17 21:01:56","Peru","https://credicorpcapitallab-testing.modyo.be/transaccionales-dev2/clientes/pagos-a-terceros/retiro-archivo-plano","desktop","Chrome 99.0.4844","Mac OS X 10.15.7","d33b42cd-a873-5bd5-af33-b11eeb990e89","3","bien CYD - retiro con archivo plano - 2"
"30","d33b42cd","2022-03-17 21:00:33","Peru","https://credicorpcapitallab-testing.modyo.be/transaccionales-dev2/clientes/pagos-a-terceros/retiro-archivo-plano","desktop","Chrome 99.0.4844","Mac OS X 10.15.7","d33b42cd-a873-5bd5-af33-b11eeb990e89","4","bien CYD - retiro con archivo plano"
"29","eb308c4b","2022-03-15 19:29:59","Colombia","https://credicorpcapitallab-testing.modyo.be/transaccionales-dev2/clientes/traslado-cuentas-propias/traslados-otros-bancos","desktop","Chrome 99.0.4844","Windows 10","eb308c4b-b9d1-5cef-9ff3-7289d242446c","4","facil"
"28","eb308c4b","2022-03-15 19:28:35","Colombia","https://credicorpcapitallab-testing.modyo.be/transaccionales-dev2/clientes/pagos-a-terceros/retiro-individual","desktop","Chrome 99.0.4844","Windows 10","eb308c4b-b9d1-5cef-9ff3-7289d242446c","3","MASOMENOS"
"27","eb308c4b","2022-03-15 19:27:33","Colombia","https://credicorpcapitallab-testing.modyo.be/transaccionales-dev2/clientes/pagos-a-terceros/retiro-archivo-plano","desktop","Chrome 99.0.4844","Windows 10","eb308c4b-b9d1-5cef-9ff3-7289d242446c","4","FUE MUY FACIL"
"26","eb308c4b","2022-03-15 13:31:38","Colombia","https://credicorpcapitallab-testing.modyo.be/transaccionales-dev2/clientes/traslado-cuentas-propias/traslados-otros-bancos","desktop","Chrome 99.0.4844","Windows 10","eb308c4b-b9d1-5cef-9ff3-7289d242446c","4","PRUEBA TRASLADOS A OTROS BANCOS JVQ"
"25","eb308c4b","2022-03-15 13:29:35","Colombia","https://credicorpcapitallab-testing.modyo.be/transaccionales-dev2/clientes/pagos-a-terceros/retiro-individual","desktop","Chrome 99.0.4844","Windows 10","eb308c4b-b9d1-5cef-9ff3-7289d242446c","4","PRUEBA JVQ RETIRO INDIVIDUAL"
"24","eb308c4b","2022-03-15 13:25:15","Colombia","https://credicorpcapitallab-testing.modyo.be/transaccionales-dev2/clientes/pagos-a-terceros/retiro-archivo-plano","desktop","Chrome 99.0.4844","Windows 10","eb308c4b-b9d1-5cef-9ff3-7289d242446c","3","PRUEBA JVQ ARCHIVO PLANO FINALIZADO"
"23","eb308c4b","2022-03-15 01:58:17","Colombia","https://credicorpcapitallab-testing.modyo.be/transaccionales-dev2/clientes/traslado-cuentas-propias/directorio-cuentas-inscritas","desktop","Chrome 99.0.4844","Windows 10","eb308c4b-b9d1-5cef-9ff3-7289d242446c","3","Prueba 2 JVQ Aprobador cuentas inscritas"
"22","eb308c4b","2022-03-15 01:53:04","Colombia","https://credicorpcapitallab-testing.modyo.be/transaccionales-dev2/clientes/traslado-cuentas-propias/directorio-cuentas-inscritas","desktop","Chrome 99.0.4844","Windows 10","eb308c4b-b9d1-5cef-9ff3-7289d242446c","3","Es una prueba JVQ Preparado Inscripcion Cuentas propias"
"21","8a36deaf","2022-03-15 00:51:08","Peru","https://credicorpcapitallab-testing.modyo.be/transaccionales-dev2/clientes/pagos-a-terceros/retiro-archivo-plano","desktop","Chrome 99.0.4844","Mac OS X 10.15.7","8a36deaf-5897-5647-939b-68073b990e7a","5","fácil el flujo de archivo plano"
"20","8a36deaf","2022-03-15 00:34:46","Peru","https://credicorpcapitallab-testing.modyo.be/transaccionales-dev2/clientes/pagos-a-terceros/retiro-individual","desktop","Chrome 99.0.4844","Mac OS X 10.15.7","8a36deaf-5897-5647-939b-68073b990e7a","5","demo3"
"19","c5b71a92","2022-03-15 00:27:30","Peru","https://credicorpcapitallab-testing.modyo.be/transaccionales-dev2/clientes/pagos-a-terceros/retiro-individual","desktop","Chrome 99.0.4844","Mac OS X 10.15.7","c5b71a92-9e89-55ec-aea1-d2360014aca2","5","DEMO2"
"18","c5b71a92","2022-03-15 00:21:41","Peru","https://credicorpcapitallab-testing.modyo.be/transaccionales-dev2/clientes/pagos-a-terceros/retiro-individual","desktop","Chrome 99.0.4844","Mac OS X 10.15.7","c5b71a92-9e89-55ec-aea1-d2360014aca2","5","demo"
"17","c5b71a92","2022-03-14 19:45:18","Peru","https://credicorpcapitallab-testing.modyo.be/transaccionales-dev2/clientes/pagos-a-terceros/retiro-archivo-plano","desktop","Chrome 99.0.4844","Mac OS X 10.15.7","c5b71a92-9e89-55ec-aea1-d2360014aca2","5","Comentario demo"
"16","b9801ac4","2022-03-14 16:00:01","Peru","https://credicorpcapitallab-testing.modyo.be/transaccionales-dev2/clientes/pagos-a-terceros/retiro-archivo-plano","desktop","Chrome 99.0.4844","Mac OS X 10.15.7","b9801ac4-bfae-57c9-9cd6-14d854e2551c","4","demo"
"15","df8a3f6a","2022-03-14 13:38:05","Colombia","https://credicorpcapitallab-testing.modyo.be/transaccionales-dev2/clientes/pagos-a-terceros/retiro-archivo-plano","desktop","Edge 98.0.1108","Windows 10","df8a3f6a-e650-531a-b7ad-add318acf82a","5","gfdhf"
"14","df8a3f6a","2022-03-11 17:48:11","Colombia","https://credicorpcapitallab-testing.modyo.be/transaccionales-dev2/clientes/pagos-a-terceros/retiro-archivo-plano","desktop","Edge 98.0.1108","Windows 10","df8a3f6a-e650-531a-b7ad-add318acf82a","5","hguhuy"
"13","df8a3f6a","2022-03-11 17:46:23","Colombia","https://credicorpcapitallab-testing.modyo.be/transaccionales-dev2/clientes/pagos-a-terceros/retiro-individual","desktop","Edge 98.0.1108","Windows 10","df8a3f6a-e650-531a-b7ad-add318acf82a","5","gsdg"
"12","df8a3f6a","2022-03-11 17:12:17","Colombia","https://credicorpcapitallab-testing.modyo.be/transaccionales-dev2/clientes/pagos-a-terceros/retiro-archivo-plano","desktop","Edge 98.0.1108","Windows 10","df8a3f6a-e650-531a-b7ad-add318acf82a","5","hiuktfyt"
"11","257c1e9d","2022-03-11 17:11:00","Colombia","https://credicorpcapitallab-testing.modyo.be/transaccionales-dev2/clientes/traslado-cuentas-propias/traslados-otros-bancos","desktop","Chrome 99.0.4844","Windows 10","257c1e9d-4dc4-5485-9cd5-19e1fcc5f32c","5",""
"10","df8a3f6a","2022-03-11 17:10:09","Colombia","https://credicorpcapitallab-testing.modyo.be/transaccionales-dev2/clientes/pagos-a-terceros/retiro-archivo-plano","desktop","Edge 98.0.1108","Windows 10","df8a3f6a-e650-531a-b7ad-add318acf82a","5",""
"9","75912359","2022-03-11 01:43:40","Colombia","https://credicorpcapitallab-testing.modyo.be/transaccionales-dev2/clientes/pagos-a-terceros/retiro-individual","desktop","Chrome 99.0.4844","Windows 10","75912359-653c-5215-ae22-d46d6c107000","5","prueba cuatro de preparador"
"8","75912359","2022-03-11 01:39:08","Colombia","https://credicorpcapitallab-testing.modyo.be/transaccionales-dev2/clientes/pagos-a-terceros/retiro-individual","desktop","Chrome 99.0.4844","Windows 10","75912359-653c-5215-ae22-d46d6c107000","5","prueba dos preparador"
"7","257c1e9d","2022-03-10 16:10:34","Colombia","https://credicorpcapitallab-testing.modyo.be/transaccionales-dev2/clientes/traslado-cuentas-propias/traslados-otros-bancos","desktop","Chrome 99.0.4844","Windows 10","257c1e9d-4dc4-5485-9cd5-19e1fcc5f32c","5","ggssg"
"6","257c1e9d","2022-03-10 16:02:48","Colombia","https://credicorpcapitallab-testing.modyo.be/transaccionales-dev2/clientes/traslado-cuentas-propias/traslados-otros-bancos","desktop","Chrome 99.0.4844","Windows 10","257c1e9d-4dc4-5485-9cd5-19e1fcc5f32c","3",""
"5","257c1e9d","2022-03-10 15:56:20","Colombia","https://credicorpcapitallab-testing.modyo.be/transaccionales-dev2/clientes/pagos-a-terceros/retiro-individual","desktop","Chrome 99.0.4844","Windows 10","257c1e9d-4dc4-5485-9cd5-19e1fcc5f32c","5","sddgsdsdg"
"4","257c1e9d","2022-03-10 15:44:37","Colombia","https://credicorpcapitallab-testing.modyo.be/transaccionales-dev2/clientes/pagos-a-terceros/retiro-individual","desktop","Chrome 99.0.4844","Windows 10","257c1e9d-4dc4-5485-9cd5-19e1fcc5f32c","5","fdjkdflkdfgkl"
"3","a5264473","2022-03-09 16:04:26","Colombia","https://credicorpcapitallab-testing.modyo.be/transaccionales-dev2/clientes/pagos-a-terceros/retiro-individual","desktop","Chrome 99.0.4844","Windows 10","a5264473-27cf-5059-9189-7b2982d792b7","5","realmente fue muy fácil, todo esta bien especificado ;) att Diana"
"2","86179328","2022-03-07 22:21:16","Colombia","https://credicorpcapitallab-testing.modyo.be/transaccionales-dev2/clientes/pagos-a-terceros/retiro-archivo-plano","desktop","Chrome 98.0.4758","Windows 10","86179328-2e00-5c0b-8ce8-ae6dab504eec","5","dsfadgs"
"1","ab547fbb","2022-03-07 16:25:03","Spain","http://localhost:4200/","desktop","Chrome 99.0.4844","Windows 10","ab547fbb-f681-5bc5-becc-3ca333009189","5","pruba angular"
