"Number","User","Date Submitted","Country","Source URL","Device","Browser","OS","Hotjar User ID","¿Qué tan fácil fue para usted aprobar la operación?","Cuéntenos el motivo de su calificación"
"4","eeb180fe","2022-03-22 19:38:58","Peru","https://credicorpcapitallab-testing.modyo.be/transaccionales-dev2/clientes/servicios/aprobacion-de-operaciones","desktop","Chrome 99.0.4844","Mac OS X 10.15.7","eeb180fe-81c1-50fc-8460-64c7c0a83977","4","Todo muy bien."
"3","eeb180fe","2022-03-22 19:36:52","Peru","https://credicorpcapitallab-testing.modyo.be/transaccionales-dev2/clientes/servicios/aprobacion-de-operaciones","desktop","Chrome 99.0.4844","Mac OS X 10.15.7","eeb180fe-81c1-50fc-8460-64c7c0a83977","4","Todo bien CY"
"2","8a36deaf","2022-03-15 00:52:14","Peru","https://credicorpcapitallab-testing.modyo.be/transaccionales-dev2/clientes/pagos-a-terceros/retiro-archivo-plano","desktop","Chrome 99.0.4844","Mac OS X 10.15.7","8a36deaf-5897-5647-939b-68073b990e7a","5","fácil"
"1","eb308c4b","2022-03-07 22:43:34","Colombia","https://credicorpcapitallab-testing.modyo.be/transaccionales-dev2/clientes/traslado-cuentas-propias/traslados-otros-bancos","desktop","Chrome 99.0.4844","Windows 10","eb308c4b-b9d1-5cef-9ff3-7289d242446c","3","MMMMMMMM"
